{
    "name": "jquery.timeline",
    "title": "jQuery Timeline",
    "description": "You are able to easily create two types of horizontal timeline with this jQuery plugin.",
    "keywords": [
        "timeline",
        "horizontal",
        "es8"
    ],
    "version": "2.0.0",
    "author": {
        "name": "ka2 (Katsuhiko Maeno)",
        "email": "ka2@ka2.org",
        "url": "https://ka2.org/"
    },
    "licenses": [
        {
            "type": "MIT",
            "url": "https://github.com/ka215/jquery.timeline/blob/master/LICENSE"
        }
    ],
    "bugs": "https://github.com/ka215/jquery.timeline/issues",
    "docs": "https://github.com/ka215/jquery.timeline/blob/master/README.md",
    "demo": "https://ka215.github.io/jquery.timeline/index.html",
    "download": "https://github.com/ka215/jquery.timeline/releases",
    "dependencies": {
        "jquery": ">=1.9.1"
    }
}